{
  "IcoMoonType": "selection",
  "icons": [
    {
      "icon": {
        "paths": [
          "M261.689 238.933l546.133-193.422 762.311 273.067-91.022 35.317M45.511 318.578l352.711 136.533M398.222 455.111l409.6 159.289 671.289-260.506M398.222 455.111v307.2s243.621 110.478 409.6 113.778c178.859 3.573 443.733-113.778 443.733-113.778v-147.911M1479.111 353.894v408.417l68.267 91.022v136.533h-147.911v-68.267"
        ],
        "attrs": [
          {
            "fill": "none",
            "stroke": "rgb(10, 0, 112)",
            "strokeLinejoin": "round",
            "strokeLinecap": "round",
            "strokeMiterlimit": "4",
            "strokeWidth": 68.26666666666667
          }
        ],
        "width": 1616,
        "isMulticolor": false,
        "isMulticolor2": false,
        "grid": 0,
        "tags": [
          "fifth-item"
        ]
      },
      "attrs": [
        {
          "fill": "none",
          "stroke": "rgb(10, 0, 112)",
          "strokeLinejoin": "round",
          "strokeLinecap": "round",
          "strokeMiterlimit": "4",
          "strokeWidth": 68.26666666666667
        }
      ],
      "properties": {
        "order": 3,
        "id": 5,
        "name": "fifth-item",
        "prevSize": 32
      },
      "setIdx": 0,
      "setId": 2,
      "iconIdx": 0
    },
    {
      "icon": {
        "paths": [
          "M744.727 31.030h-713.697v724.356l362.17 234.325 351.527-234.325v-564.565",
          "M636.23 414.503c0 134.221-108.808 243.029-243.029 243.029s-243.029-108.808-243.029-243.029c0-134.221 108.808-243.029 243.029-243.029s243.029 108.808 243.029 243.029z",
          "M297.332 438.474l82.168 93.215 109.568-213.054"
        ],
        "attrs": [
          {
            "fill": "none",
            "stroke": "rgb(10, 0, 112)",
            "strokeLinejoin": "round",
            "strokeLinecap": "round",
            "strokeMiterlimit": "4",
            "strokeWidth": 46.54545454545455
          },
          {
            "fill": "none",
            "stroke": "rgb(10, 0, 112)",
            "strokeLinejoin": "miter",
            "strokeLinecap": "butt",
            "strokeMiterlimit": "4",
            "strokeWidth": 46.54545454545455
          },
          {
            "fill": "none",
            "stroke": "rgb(10, 0, 112)",
            "strokeLinejoin": "round",
            "strokeLinecap": "round",
            "strokeMiterlimit": "4",
            "strokeWidth": 46.54545454545455
          }
        ],
        "width": 776,
        "isMulticolor": false,
        "isMulticolor2": false,
        "grid": 0,
        "tags": [
          "first-item"
        ]
      },
      "attrs": [
        {
          "fill": "none",
          "stroke": "rgb(10, 0, 112)",
          "strokeLinejoin": "round",
          "strokeLinecap": "round",
          "strokeMiterlimit": "4",
          "strokeWidth": 46.54545454545455
        },
        {
          "fill": "none",
          "stroke": "rgb(10, 0, 112)",
          "strokeLinejoin": "miter",
          "strokeLinecap": "butt",
          "strokeMiterlimit": "4",
          "strokeWidth": 46.54545454545455
        },
        {
          "fill": "none",
          "stroke": "rgb(10, 0, 112)",
          "strokeLinejoin": "round",
          "strokeLinecap": "round",
          "strokeMiterlimit": "4",
          "strokeWidth": 46.54545454545455
        }
      ],
      "properties": {
        "order": 4,
        "id": 4,
        "name": "first-item",
        "prevSize": 32
      },
      "setIdx": 0,
      "setId": 2,
      "iconIdx": 1
    },
    {
      "icon": {
        "paths": [
          "M763.661 408.298l69.424 78.102 78.102-182.237",
          "M833.085 859.57v121.492h-798.373v-954.576h798.373v86.78M182.237 139.299h442.576M182.237 260.79h442.576M416.542 616.587h208.271M416.542 729.4h208.271",
          "M1015.322 390.942c0 100.664-81.59 182.237-182.237 182.237s-182.237-81.573-182.237-182.237c0-100.647 81.59-182.237 182.237-182.237s182.237 81.59 182.237 182.237z",
          "M702.915 538.485v225.627l126.004-52.068 116.979 52.068v-225.627"
        ],
        "attrs": [
          {
            "fill": "none",
            "stroke": "rgb(10, 0, 112)",
            "strokeLinejoin": "round",
            "strokeLinecap": "round",
            "strokeMiterlimit": "4",
            "strokeWidth": 52.067796610169495
          },
          {
            "fill": "none",
            "stroke": "rgb(10, 0, 112)",
            "strokeLinejoin": "round",
            "strokeLinecap": "round",
            "strokeMiterlimit": "4",
            "strokeWidth": 52.067796610169495
          },
          {
            "fill": "none",
            "stroke": "rgb(10, 0, 112)",
            "strokeLinejoin": "miter",
            "strokeLinecap": "butt",
            "strokeMiterlimit": "4",
            "strokeWidth": 52.067796610169495
          },
          {
            "fill": "none",
            "stroke": "rgb(10, 0, 112)",
            "strokeLinejoin": "round",
            "strokeLinecap": "round",
            "strokeMiterlimit": "4",
            "strokeWidth": 52.067796610169495
          }
        ],
        "width": 1041,
        "isMulticolor": false,
        "isMulticolor2": false,
        "grid": 0,
        "tags": [
          "fourth-item"
        ]
      },
      "attrs": [
        {
          "fill": "none",
          "stroke": "rgb(10, 0, 112)",
          "strokeLinejoin": "round",
          "strokeLinecap": "round",
          "strokeMiterlimit": "4",
          "strokeWidth": 52.067796610169495
        },
        {
          "fill": "none",
          "stroke": "rgb(10, 0, 112)",
          "strokeLinejoin": "round",
          "strokeLinecap": "round",
          "strokeMiterlimit": "4",
          "strokeWidth": 52.067796610169495
        },
        {
          "fill": "none",
          "stroke": "rgb(10, 0, 112)",
          "strokeLinejoin": "miter",
          "strokeLinecap": "butt",
          "strokeMiterlimit": "4",
          "strokeWidth": 52.067796610169495
        },
        {
          "fill": "none",
          "stroke": "rgb(10, 0, 112)",
          "strokeLinejoin": "round",
          "strokeLinecap": "round",
          "strokeMiterlimit": "4",
          "strokeWidth": 52.067796610169495
        }
      ],
      "properties": {
        "order": 5,
        "id": 3,
        "name": "fourth-item",
        "prevSize": 32
      },
      "setIdx": 0,
      "setId": 2,
      "iconIdx": 2
    },
    {
      "icon": {
        "paths": [
          "M744.727 389.803v599.924h-713.697v-961.939h713.697v206.864M413.743 141.56h186.182M413.743 265.681h186.182M413.743 389.803h186.182M289.621 575.984h310.303M289.621 772.515h310.303M134.47 141.56v217.212h155.152v-217.212h-155.152z",
          "M124.121 555.303l41.379 72.409 62.061-134.47M134.47 751.833l41.363 72.394 62.061-134.454"
        ],
        "attrs": [
          {
            "fill": "none",
            "stroke": "rgb(10, 0, 112)",
            "strokeLinejoin": "round",
            "strokeLinecap": "round",
            "strokeMiterlimit": "4",
            "strokeWidth": 46.54545454545455
          },
          {
            "fill": "none",
            "stroke": "rgb(10, 0, 112)",
            "strokeLinejoin": "round",
            "strokeLinecap": "round",
            "strokeMiterlimit": "4",
            "strokeWidth": 31.03030303030303
          }
        ],
        "width": 776,
        "isMulticolor": false,
        "isMulticolor2": false,
        "grid": 0,
        "tags": [
          "second-item"
        ]
      },
      "attrs": [
        {
          "fill": "none",
          "stroke": "rgb(10, 0, 112)",
          "strokeLinejoin": "round",
          "strokeLinecap": "round",
          "strokeMiterlimit": "4",
          "strokeWidth": 46.54545454545455
        },
        {
          "fill": "none",
          "stroke": "rgb(10, 0, 112)",
          "strokeLinejoin": "round",
          "strokeLinecap": "round",
          "strokeMiterlimit": "4",
          "strokeWidth": 31.03030303030303
        }
      ],
      "properties": {
        "order": 6,
        "id": 2,
        "name": "second-item",
        "prevSize": 32
      },
      "setIdx": 0,
      "setId": 2,
      "iconIdx": 3
    },
    {
      "icon": {
        "paths": [
          "M1095.86 988.070h-682.667v-614.939h126.024M1095.86 859.154v-486.023h-105.023M990.837 373.131s21.019-337.201-210.082-337.201c-283.522 0-241.52 337.201-241.52 337.201M990.855 373.131h-451.638",
          "M718.596 592.842c0-26.947 15.683-53.895 44.912-53.895s44.912 26.947 44.912 53.895c0 30.684-44.912 67.368-44.912 67.368s-44.912-36.684-44.912-67.368z",
          "M763.509 660.211s-44.912-36.684-44.912-67.368c0-26.947 15.683-53.895 44.912-53.895s44.912 26.947 44.912 53.895c0 30.684-44.912 67.368-44.912 67.368zM763.509 660.211v94.316",
          "M386.246 583.86c0 69.452-56.302 125.754-125.754 125.754s-125.754-56.302-125.754-125.754c0-69.452 56.302-125.754 125.754-125.754s125.754 56.302 125.754 125.754z",
          "M503.018 988.070h-467.088s0-233.544 233.544-233.544c63.704 0 110.035 17.372 143.719 42.649"
        ],
        "attrs": [
          {
            "fill": "none",
            "stroke": "rgb(10, 0, 112)",
            "strokeLinejoin": "round",
            "strokeLinecap": "round",
            "strokeMiterlimit": "4",
            "strokeWidth": 53.89473684210526
          },
          {
            "fill": "rgb(10, 0, 112)"
          },
          {
            "fill": "none",
            "stroke": "rgb(10, 0, 112)",
            "strokeLinejoin": "round",
            "strokeLinecap": "round",
            "strokeMiterlimit": "4",
            "strokeWidth": 35.92982456140351
          },
          {
            "fill": "none",
            "stroke": "rgb(10, 0, 112)",
            "strokeLinejoin": "miter",
            "strokeLinecap": "butt",
            "strokeMiterlimit": "4",
            "strokeWidth": 53.89473684210526
          },
          {
            "fill": "none",
            "stroke": "rgb(10, 0, 112)",
            "strokeLinejoin": "miter",
            "strokeLinecap": "butt",
            "strokeMiterlimit": "4",
            "strokeWidth": 53.89473684210526
          }
        ],
        "width": 1132,
        "isMulticolor": false,
        "isMulticolor2": true,
        "grid": 0,
        "tags": [
          "sixth-item"
        ]
      },
      "attrs": [
        {
          "fill": "none",
          "stroke": "rgb(10, 0, 112)",
          "strokeLinejoin": "round",
          "strokeLinecap": "round",
          "strokeMiterlimit": "4",
          "strokeWidth": 53.89473684210526
        },
        {
          "fill": "rgb(10, 0, 112)"
        },
        {
          "fill": "none",
          "stroke": "rgb(10, 0, 112)",
          "strokeLinejoin": "round",
          "strokeLinecap": "round",
          "strokeMiterlimit": "4",
          "strokeWidth": 35.92982456140351
        },
        {
          "fill": "none",
          "stroke": "rgb(10, 0, 112)",
          "strokeLinejoin": "miter",
          "strokeLinecap": "butt",
          "strokeMiterlimit": "4",
          "strokeWidth": 53.89473684210526
        },
        {
          "fill": "none",
          "stroke": "rgb(10, 0, 112)",
          "strokeLinejoin": "miter",
          "strokeLinecap": "butt",
          "strokeMiterlimit": "4",
          "strokeWidth": 53.89473684210526
        }
      ],
      "properties": {
        "order": 7,
        "id": 1,
        "name": "sixth-item",
        "prevSize": 32
      },
      "setIdx": 0,
      "setId": 2,
      "iconIdx": 4
    },
    {
      "icon": {
        "paths": [
          "M851.099 724.387c21.032-48.679 33.265-105.359 33.265-164.896 0-0.191-0-0.381-0-0.572l0 0.029c0-235.644-191.023-426.667-426.667-426.667s-426.667 191.023-426.667 426.667 191.023 426.667 426.667 426.667c68.887 0 133.958-16.337 191.566-45.32",
          "M774.020 558.949c0 174.7-141.623 316.323-316.323 316.323s-316.323-141.623-316.323-316.323c0-174.7 141.623-316.323 316.323-316.323s316.323 141.623 316.323 316.323z",
          "M710.222 576.357h-69.663M457.697 820.162v-78.352M274.835 576.357h-69.663M457.697 367.368v-69.632M356.848 477.727l54.303 46.545M488.727 524.272l116.364-108.606M396.738 114.859l-8.688-34.832M388.049 80.027h139.311M388.034 80.027h-43.536l-8.704-52.24h243.805l-17.408 52.24h-34.832M527.36 80.027l-8.72 34.832",
          "M488.727 555.303c0 21.422-17.366 38.788-38.788 38.788s-38.788-17.366-38.788-38.788c0-21.422 17.366-38.788 38.788-38.788s38.788 17.366 38.788 38.788z"
        ],
        "attrs": [
          {
            "fill": "none",
            "stroke": "rgb(10, 0, 112)",
            "strokeLinejoin": "round",
            "strokeLinecap": "round",
            "strokeMiterlimit": "4",
            "strokeWidth": 46.54545454545455
          },
          {
            "fill": "none",
            "stroke": "rgb(10, 0, 112)",
            "strokeLinejoin": "miter",
            "strokeLinecap": "butt",
            "strokeMiterlimit": "4",
            "strokeWidth": 46.54545454545455
          },
          {
            "fill": "none",
            "stroke": "rgb(10, 0, 112)",
            "strokeLinejoin": "round",
            "strokeLinecap": "round",
            "strokeMiterlimit": "4",
            "strokeWidth": 31.03030303030303
          },
          {
            "fill": "none",
            "stroke": "rgb(10, 0, 112)",
            "strokeLinejoin": "miter",
            "strokeLinecap": "butt",
            "strokeMiterlimit": "4",
            "strokeWidth": 15.515151515151516
          }
        ],
        "width": 915,
        "isMulticolor": false,
        "isMulticolor2": false,
        "grid": 0,
        "tags": [
          "third-item"
        ]
      },
      "attrs": [
        {
          "fill": "none",
          "stroke": "rgb(10, 0, 112)",
          "strokeLinejoin": "round",
          "strokeLinecap": "round",
          "strokeMiterlimit": "4",
          "strokeWidth": 46.54545454545455
        },
        {
          "fill": "none",
          "stroke": "rgb(10, 0, 112)",
          "strokeLinejoin": "miter",
          "strokeLinecap": "butt",
          "strokeMiterlimit": "4",
          "strokeWidth": 46.54545454545455
        },
        {
          "fill": "none",
          "stroke": "rgb(10, 0, 112)",
          "strokeLinejoin": "round",
          "strokeLinecap": "round",
          "strokeMiterlimit": "4",
          "strokeWidth": 31.03030303030303
        },
        {
          "fill": "none",
          "stroke": "rgb(10, 0, 112)",
          "strokeLinejoin": "miter",
          "strokeLinecap": "butt",
          "strokeMiterlimit": "4",
          "strokeWidth": 15.515151515151516
        }
      ],
      "properties": {
        "order": 8,
        "id": 0,
        "name": "third-item",
        "prevSize": 32
      },
      "setIdx": 0,
      "setId": 2,
      "iconIdx": 5
    }
  ],
  "height": 1024,
  "preferences": {
    "showGlyphs": true,
    "showQuickUse": true,
    "showQuickUse2": true,
    "showSVGs": true,
    "fontPref": {
      "prefix": "icon-",
      "metadata": {
        "fontFamily": "icomoon"
      },
      "metrics": {
        "emSize": 1024,
        "baseline": 6.25,
        "whitespace": 50
      },
      "embed": false
    },
    "imagePref": {
      "prefix": "icon-",
      "png": false,
      "useClassSelector": true,
      "color": 0,
      "bgColor": 16777215,
      "classSelector": ".icon",
      "name": "icomoon",
      "height": 32,
      "columns": 16,
      "margin": 16
    },
    "historySize": 50,
    "showCodes": true,
    "gridSize": 16
  }
}